{
    "name": "Dishita G Turakhia",
    "affiliation": "Massachusetts Institute of Technology",
    "url": "https://scholar.google.com/citations?user=43okw2AAAAAJ&hl=en",
    "papers": [
        {
            "title": "Can Physical Tools that Adapt their Shape based on a Learner’s Performance Help in Motor Skill Training?",
            "authors": "D Turakhia, Y Qi, LG Blumberg, A Wong, S Mueller",
            "publication": "TEI '21: Fifteenth International Conference on Tangible, Embedded, and …, 2021",
            "year": "2021",
            "citations": "15"
        },
        {
            "title": "Adapt2Learn: A Toolkit for Configuring the Learning Algorithm for Adaptive Physical Tools for Motor-Skill Learning",
            "authors": "DG Turakhia, A Wong, Y Qi, LG Blumberg, Y Kim, S Mueller",
            "publication": "Proceedings of the 2021 ACM Designing Interactive Systems Conference, 1301-1312, 2021",
            "year": "2021",
            "citations": "14"
        },
        {
            "title": "Fabo: Integrating fabrication with a player’s gameplay in existing digital games",
            "authors": "DG Turakhia, HM Allen, K DesPortes, S Mueller",
            "publication": "Proceedings of the 13th Conference on Creativity and Cognition, 1-10, 2021",
            "year": "2021",
            "citations": "10"
        },
        {
            "title": "Identifying game mechanics for integrating fabrication activities within existing digital games",
            "authors": "DG Turakhia, S Mueller, K DesPortes",
            "publication": "Proceedings of the 2022 CHI Conference on Human Factors in Computing Systems …, 2022",
            "year": "2022",
            "citations": "9"
        },
        {
            "title": "The reflective maker: Using reflection to support skill-learning in makerspaces",
            "authors": "D Turakhia, P Jiang, B Liu, M Leake, S Mueller",
            "publication": "Adjunct Proceedings of the 35th Annual ACM Symposium on User Interface …, 2022",
            "year": "2022",
            "citations": "8"
        },
        {
            "title": "Understanding the educators’ practices in makerspaces for the design of education tools",
            "authors": "D Turakhia, D Ludgin, S Mueller, K Desportes",
            "publication": "Educational technology research and development 72 (1), 329-358, 2024",
            "year": "2024",
            "citations": "7"
        },
        {
            "title": "Reimagining Systems for Learning Hands-on Creative and Maker Skills",
            "authors": "DG Turakhia, P Blikstein, NR Holbert, M Worsley, J Jacobs, F Anderson, ...",
            "publication": "CHI conference on human factors in computing systems extended abstracts, 1-7, 2022",
            "year": "2022",
            "citations": "7"
        },
        {
            "title": "What Can We Learn From Educators About Teaching in Makerspaces?",
            "authors": "DG Turakhia, D Ludgin, S Mueller, K Desportes",
            "publication": "Extended Abstracts of the 2023 CHI Conference on Human Factors in Computing …, 2023",
            "year": "2023",
            "citations": "6"
        },
        {
            "title": "SensorViz: Visualizing Sensor Data Across Different Stages of Prototyping Interactive Objects",
            "authors": "Y Kim, J Zhu, M Trivedi, D Turakhia, NH Wu, D Ko, M Wessely, S Mueller",
            "publication": "Proceedings of the 2022 ACM Designing Interactive Systems Conference, 987-1001, 2022",
            "year": "2022",
            "citations": "4"
        },
        {
            "title": "Designing Adaptive Tools for Motor Skill Training",
            "authors": "DG Turakhia, A Wong, Y Qi, LG Blumberg, Y Kim",
            "publication": "Adjunct Proceedings of the 34th Annual ACM Symposium on User Interface …, 2021",
            "year": "2021",
            "citations": "4"
        },
        {
            "title": "An Open-ended System in Virtual Reality for Training Machining Skills",
            "authors": "K Studer, H Lie, Z Zhao, B Thomson, DG Turakhia, J Liu",
            "publication": "Extended Abstracts of the CHI Conference on Human Factors in Computing …, 2024",
            "year": "2024",
            "citations": "3"
        },
        {
            "title": "Training for Open-Ended Drilling through a Virtual Reality Simulation",
            "authors": "H Lie, K Studer, Z Zhao, B Thomson, DG Turakhia, J Liu",
            "publication": "2023 IEEE International Symposium on Mixed and Augmented Reality (ISMAR …, 2023",
            "year": "2023",
            "citations": "3"
        },
        {
            "title": "The reflective make-ar in-action: Using augmented reality for reflection-based learning of makerskills",
            "authors": "DG Turakhia, P Jiang, S Mueller",
            "publication": "Extended Abstracts of the 2023 CHI Conference on Human Factors in Computing …, 2023",
            "year": "2023",
            "citations": "3"
        },
        {
            "title": "Designing Tools for Autodidactic Learning of Skills",
            "authors": "D Turakhia",
            "publication": "Adjunct Proceedings of the 35th Annual ACM Symposium on User Interface …, 2022",
            "year": "2022",
            "citations": "3"
        },
        {
            "title": "Dynamic Tensegrity Systems—Investigating a case in reconfigurable habitable structures",
            "authors": "DG Turakhia",
            "publication": "Proceedings of. International Conference on Computer-Aided Architectural …, 2013",
            "year": "2013",
            "citations": "2"
        },
        {
            "title": "Dynamic Tensegrity Systems",
            "authors": "D Turakhia",
            "publication": "Shape Modeling International 2013, 41, 2013",
            "year": "2013",
            "citations": "1"
        },
        {
            "title": "Generating Reflection Prompts in Self-Directed Learning Activities with Generative AI",
            "authors": "D Turakhia, Z Mroue, P Jiang, S Mueller",
            "publication": "MIT, 2024",
            "year": "2024",
            "citations": ""
        },
        {
            "title": "Designing Learner-centric Tools for Physical Skill-learning",
            "authors": "DG Turakhia",
            "publication": "Massachusetts Institute of Technology, 2024",
            "year": "2024",
            "citations": ""
        },
        {
            "title": "Thirteen ways of looking: a theoretical inquiry in computational creative thinking",
            "authors": "DG Turakhia",
            "publication": "Massachusetts Institute of Technology, 2017",
            "year": "2017",
            "citations": ""
        },
        {
            "title": "Shape Modeling International 2013",
            "authors": "UK Bournemouth",
            "publication": "",
            "year": "2013",
            "citations": ""
        }
    ]
}