{
    "name": "John Sterling",
    "affiliation": "Polytechnic Institute of NYU",
    "url": "https://scholar.google.com/citations?user=cS9Fcf4AAAAJ&hl=en",
    "papers": [
        {
            "title": "Exploiting diverse knowledge sources via maximum entropy in named entity recognition",
            "authors": "A Borthwick, J Sterling, E Agichtein, R Grishman",
            "publication": "Sixth Workshop on Very Large Corpora, 1998",
            "year": "1998",
            "citations": "367"
        },
        {
            "title": "NYU: Description of the MENE named entity system as used in MUC-7",
            "authors": "A Borthwick, J Sterling, E Agichtein, R Grishman",
            "publication": "Seventh Message Understanding Conference (MUC-7): Proceedings of a …, 1998",
            "year": "1998",
            "citations": "360"
        },
        {
            "title": "Generalizing automatically generated selectional patterns",
            "authors": "R Grishman, J Sterling",
            "publication": "COLING 1994 Volume 2: The 15th International Conference on Computational …, 1994",
            "year": "1994",
            "citations": "122"
        },
        {
            "title": "Acquisition of selectional patterns",
            "authors": "R Grishman, J Sterling",
            "publication": "COLING 1992 Volume 2: The 14th International Conference on Computational …, 1992",
            "year": "1992",
            "citations": "99"
        },
        {
            "title": "New York University: Description of the PROTEUS system as used for MUC-3",
            "authors": "R Grishman, J Sterling, C Macleod",
            "publication": "Third Message Understanding Conference (MUC-3): Proceedings of a Conference …, 1991",
            "year": "1991",
            "citations": "69"
        },
        {
            "title": "Evaluating parsing strategies using standardized parse files",
            "authors": "R Grishman, C Macleod, J Sterling",
            "publication": "Third Conference on Applied Natural Language Processing, 156-161, 1992",
            "year": "1992",
            "citations": "68"
        },
        {
            "title": "Description of the MENE Named Entity System as used in MUC-7",
            "authors": "A Borthwick, J Sterling, E Agichtein, R Grishman",
            "publication": "Proceedings of the Seventh Message Understanding Conference (MUC-7), Fairfax …, 1998",
            "year": "1998",
            "citations": "40"
        },
        {
            "title": "Smoothing of automatically generated selectional constraints",
            "authors": "R Grishman, J Sterling",
            "publication": "Human Language Technology: Proceedings of a Workshop Held at Plainsboro, New …, 1993",
            "year": "1993",
            "citations": "34"
        },
        {
            "title": "Preference semantics for message understanding",
            "authors": "R Grishman, J Sterling",
            "publication": "Speech and Natural Language: Proceedings of a Workshop Held at Cape Cod …, 1989",
            "year": "1989",
            "citations": "24"
        },
        {
            "title": "New York University PROTEUS system: MUC-3 test results and analysis",
            "authors": "R Grishman, J Sterling, C Macleod",
            "publication": "Third Message Understanding Conference (MUC-3): Proceedings of a Conference …, 1991",
            "year": "1991",
            "citations": "18"
        },
        {
            "title": "Description of the MENE named Entity System",
            "authors": "A Borthwick, J Sterling, E Agichtein, R Grishman",
            "publication": "Proceedings of the Seventh Machine Understanding Conference (MUC-7), 1998",
            "year": "1998",
            "citations": "13"
        },
        {
            "title": "NYU/BBN 1994 CSR evaluation",
            "authors": "S Sekine, J Sterling, R Grishman",
            "publication": "Proceedings of the ARPA Spoken Language Technology Workshop, 1995",
            "year": "1995",
            "citations": "12"
        },
        {
            "title": "Analyzing telegraphic messages",
            "authors": "R Grishman, J Sterling",
            "publication": "Speech and Natural Language: Proceedings of a Workshop Held at Philadelphia …, 1989",
            "year": "1989",
            "citations": "12"
        },
        {
            "title": "Information extraction and semantic constraints",
            "authors": "R Grishman, J Sterling",
            "publication": "COLING 1990 Volume 3: Papers presented to the 13th International Conference …, 1990",
            "year": "1990",
            "citations": "10"
        },
        {
            "title": "An Equipment Model and its Role in the Interpretation of Noun Phrases.",
            "authors": "T Ksiezyk, R Grishman, J Sterling",
            "publication": "IJCAI, 692-695, 1987",
            "year": "1987",
            "citations": "7"
        },
        {
            "title": "PROTEUS: un sistema multilingüe de extracción de información",
            "authors": "A Moreno Sandoval, C Olmeda Moreno, R Grishman, C Macleod, ...",
            "publication": "Procesamiento del lenguaje natural. N. 13 (febrero 1993); pp. 47-56, 1993",
            "year": "1993",
            "citations": "4"
        },
        {
            "title": "Towards robust natural language analysis",
            "authors": "R Grishman, J Sterling",
            "publication": "Working Notes of the AAAI Spring Symposium on Text-Based Intelligent Systems …, 1990",
            "year": "1990",
            "citations": "4"
        },
        {
            "title": "PROTEUS: Un sistema multilingüe de extracción de información. f",
            "authors": "A Moreno, C Olmeda, R Grishman, C Macleod, J Sterling",
            "publication": "Boletín de la SEPLN 3, 47-56, 1993",
            "year": "1993",
            "citations": "1"
        },
        {
            "title": "Towards robust natural language analysis: Position paper for AAAI symposium on text-based intelligent systems, March 27-29, 1990",
            "authors": "R Grishman, J Sterling",
            "publication": "",
            "year": "1990",
            "citations": ""
        },
        {
            "title": "PRÖTEUS: UN SISTEMA MULTILINGÜE DE EXTRACCIÓN",
            "authors": "R Grishman, J Sterling",
            "publication": "",
            "year": "",
            "citations": ""
        }
    ]
}