[{
    "topic": "G20 GDP Contribution as % of Global Total",
    "data": {
      "RUS": 1.36,
      "CHN": 13.38,
      "USA": 23.12,
      "CAN": 1.67,
      "BRA": 2.12,
      "AUS": 1.36,
      "IND": 3.10,
      "ARG": 0.76,
      "SAU": 0.87,
      "MEX": 1.18,
      "IDN": 1.04,
      "ZAF": 0.66,
      "TUR": 0.77,
      "FRA": 2.39,
      "DEU": 3.50,
      "JPN": 3.86,
      "ITA": 1.88,
      "GBR": 2.43,
      "KOR": 1.53
    }
  },{
    "topic": "G20 GDP Per Capita as % of Global Contribution",
    "data": {
      "USA": 24.87,
      "AUS": 1.51,
      "CAN": 1.86,
      "DEU": 3.99,
      "GBR": 3.20,
      "FRA": 2.73,
      "ITA": 2.11,
      "JPN": 3.87,
      "KOR": 1.55,
      "SAU": 0.67,
      "TUR": 1.00,
      "CHN": 16.19,
      "RUS": 1.84,
      "MEX": 1.63,
      "ARG": 0.56,
      "BRA": 1.95,
      "IDN": 1.24,
      "ZAF": 0.34,
      "IND": 3.18
    }
  },{
    "topic": "G20 Merchandise Exports as % of Global Total",
    "data": {
    "CHN": 14.7,
    "USA": 8.1,
    "DEU": 7.3,
    "JPN": 3.5,
    "KOR": 2.9,
    "FRA": 2.7,
    "ITA": 2.6,
    "GBR": 2.2,
    "CAN": 2.2,
    "MEX": 2.1,
    "RUS": 1.9,
    "IND": 1.8,
    "BRA": 1.2,
    "AUS": 1.4,
    "IDN": 1.0,
    "TUR": 0.9,
    "SAU": 1.1,
    "ARG": 0.4,
    "ZAF": 0.5
    }
    },{
        "topic": "G20 Merchandise Imports % Global Contribution",
        "data": {
          "RUS": 1.03,
          "CHN": 11.32,
          "USA": 12.58,
          "CAN": 2.59,
          "BRA": 1.00,
          "AUS": 1.18,
          "IND": 2.75,
          "ARG": 0.37,
          "SAU": 0.85,
          "MEX": 1.84,
          "IDN": 1.43,
          "ZAF": 0.66,
          "TUR": 1.10,
          "FRA": 3.31,
          "DEU": 6.59,
          "JPN": 3.44,
          "ITA": 2.69,
          "GBR": 3.18,
          "KOR": 3.37
        }
      },{
        "topic": "G20 Patent Applications as % of Global Total",
        "data": {
          "RUS": 0.6738,
          "CHN": 51.1358,
          "USA": 12.0885,
          "CAN": 1.2065,
          "BRA": 0.8856,
          "AUS": 0.9478,
          "IND": 2.3182,
          "ARG": 0.0,
          "SAU": 0.0403,
          "MEX": 0.0784,
          "IDN": 0.0415,
          "ZAF": 0.0808,
          "TUR": 0.3820,
          "FRA": 0.4695,
          "DEU": 7.9412,
          "JPN": 7.9597,
          "ITA": 0.6490,
          "GBR": 1.2067,
          "KOR": 4.7586
        }
      },{
        "topic": "G20 Countries Land Area as % of Global Landmass",
        "data": {
        "RUS": 11.0,
        "CHN": 6.3,
        "USA": 6.1,
        "CAN": 6.1,
        "BRA": 5.6,
        "AUS": 5.2,
        "IND": 2.0,
        "ARG": 1.8,
        "SAU": 1.4,
        "MEX": 1.3,
        "IDN": 1.2,
        "ZAF": 1.0,
        "TUR": 0.6,
        "FRA": 0.5,
        "DEU": 0.3,
        "JPN": 0.3,
        "ITA": 0.2,
        "GBR": 0.2,
        "KOR": 0.1
        }
        },{
            "topic": "Global Internet Usage",
            "data": {
              "CHN": 18.0,
              "USA": 11.7,
              "IND": 11.4,
              "IDN": 6.3,
              "RUS": 5.5,
              "JPN": 5.2,
              "DEU": 4.5,
              "BRA": 4.2,
              "TUR": 3.7,
              "FRA": 3.6,
              "ITA": 3.5,
              "GBR": 3.5,
              "KOR": 3.2,
              "MEX": 3.0,
              "ARG": 2.9,
              "SAU": 2.8,
              "CAN": 2.6,
              "AUS": 2.5,
              "ZAF": 1.9
            }
          },{
            "topic": "G20 Population Distribution 2024",
            "data": {
            "IND": 18.25,
            "CHN": 17.85,
            "USA": 4.34,
            "IDN": 3.57,
            "BRA": 2.67,
            "RUS": 1.82,
            "MEX": 1.65,
            "JPN": 1.56,
            "TUR": 1.10,
            "DEU": 1.04,
            "GBR": 0.87,
            "FRA": 0.84,
            "ZAF": 0.81,
            "ITA": 0.75,
            "KOR": 0.65,
            "ARG": 0.58,
            "CAN": 0.50,
            "SAU": 0.43,
            "AUS": 0.34
            }
            },{
                "topic": "Global Carbon Emissions",
                "data": {
                  "CHN": 27.8,
                  "USA": 11.2,
                  "EU": 7.8,
                  "IND": 7.1,
                  "RUS": 4.7,
                  "JPN": 2.5,
                  "DEU": 1.9,
                  "IDN": 1.8,
                  "SAU": 1.7,
                  "CAN": 1.6,
                  "KOR": 1.6,
                  "BRA": 1.5,
                  "MEX": 1.4,
                  "TUR": 1.3,
                  "AUS": 1.2,
                  "GBR": 1.1,
                  "ZAF": 1.1,
                  "ITA": 0.9,
                  "ARG": 0.8
                }
              },
              {
                "topic": "G20 Electricity Generation as % of Global Total",
                "data": {
                "CHN": 31.4100,
                "USA": 13.9600,
                "IND": 6.5800,
                "RUS": 3.9400,
                "JPN": 3.2600,
                "BRA": 2.1700,
                "KOR": 1.9700,
                "DEU": 1.7200,
                "FRA": 1.4900,
                "MEX": 1.1100,
                "SAU": 1.1300,
                "TUR": 1.1000,
                "IDN": 1.0800,
                "GBR": 0.8600,
                "ITA": 0.8600,
                "AUS": 0.8400,
                "ZAF": 0.6700,
                "ARG": 0.4400,
                "CAN": 1.8900
                }
                }
]