{
    "name": "Oded Nov",
    "affiliation": "Professor, New York University",
    "url": "https://scholar.google.com/citations?user=G0rV_dcAAAAJ&hl=en&oi=ao",
    "papers": [
        {
            "title": "COVID-19 Transforms Healthcare Through Telemedicine: Evidence from the Field",
            "authors": "D Mann, J Chen, R Chunara, P Testa, O Nov",
            "publication": "Journal of the American Medical Informatics Association 27 (7), 1132–1135, 2020",
            "year": "2020",
            "citations": "1441"
        },
        {
            "title": "What Motivates Wikipedians?",
            "authors": "O Nov",
            "publication": "Communications of the ACM 50 (11), 60-64, 2007",
            "year": "2007",
            "citations": "1009"
        },
        {
            "title": "Analysis of participation in an online photo‐sharing community: A multidimensional perspective",
            "authors": "O Nov, M Naaman, C Ye",
            "publication": "Journal of the American Society for Information Science and Technology 61 (3 …, 2010",
            "year": "2010",
            "citations": "522"
        },
        {
            "title": "Exploring motivations for contributing to open source initiatives: The roles of contribution context and personal values",
            "authors": "S Oreg, O Nov",
            "publication": "Computers in Human Behavior 24 (5), 2055-2073, 2008",
            "year": "2008",
            "citations": "508"
        },
        {
            "title": "SONYC: A System for the Monitoring, Analysis and Mitigation of Urban Noise Pollution",
            "authors": "JP Bello, C Silva, O Nov, RL DuBois, A Arora, J Salamon, C Mydlarz, ...",
            "publication": "Communications of the ACM 62 (2), 68-77, 2019",
            "year": "2019",
            "citations": "339"
        },
        {
            "title": "Scientists@ Home: what drives the quantity and quality of online citizen science participation?",
            "authors": "O Nov, O Arazy, D Anderson",
            "publication": "PloS one 9 (4), e90375, 2014",
            "year": "2014",
            "citations": "339"
        },
        {
            "title": "Information Quality in Wikipedia: The Effects of Group Composition and Task Conflict",
            "authors": "O Arazy, O Nov, R Patterson, L Yeo",
            "publication": "Journal of Management Information Systems 27 (4), 71-98, 2011",
            "year": "2011",
            "citations": "332"
        },
        {
            "title": "Telemedicine and Healthcare Disparities: A Cohort Study in a Large Healthcare System in New York City During COVID-19",
            "authors": "R Chunara, Y Zhao, J Chen, K Lawrence, PA Testa, O Nov, DM Mann",
            "publication": "Journal of the American Medical Informatics Association 28 (1), 33–41, 2021",
            "year": "2021",
            "citations": "309"
        },
        {
            "title": "Users' personality and perceived ease of use of digital libraries: The case for resistance to change",
            "authors": "O Nov, C Ye",
            "publication": "Journal of the American Society for Information Science and Technology 59 (5 …, 2008",
            "year": "2008",
            "citations": "302"
        },
        {
            "title": "Sources of Volunteer Motivation: Transformational Leadership and Personal Motives Influence Volunteer Outcomes",
            "authors": "PC Dwyer, JE Bono, M Snyder, O Nov, Y Berson",
            "publication": "Nonprofit Management and Leadership 24 (2), 181-205, 2013",
            "year": "2013",
            "citations": "294"
        },
        {
            "title": "The persuasive power of data visualization",
            "authors": "AV Pandey, A Manivannan, O Nov, M Satterthwaite, E Bertini",
            "publication": "IEEE transactions on visualization and computer graphics 20 (12), 2211-2220, 2014",
            "year": "2014",
            "citations": "275"
        },
        {
            "title": "Dusting for science: motivation and participation of digital citizen science volunteers",
            "authors": "O Nov, O Arazy, D Anderson",
            "publication": "Proceedings of the 2011 iConference. Seattle, WA., 68-74, 2011",
            "year": "2011",
            "citations": "261"
        },
        {
            "title": "What drives content tagging: the case of photos on Flickr",
            "authors": "O Nov, M Naaman, C Ye",
            "publication": "Proceedings of the ACM CHI conference on Human Factors in Computing Systems, 2008",
            "year": "2008",
            "citations": "219"
        },
        {
            "title": "How Deceptive are Deceptive Visualizations?: An Empirical Analysis of Common Distortion Techniques",
            "authors": "AV Pandey, K Rall, M Satterthwaite, O Nov, E Bertini",
            "publication": "CHI 2015 Proceedings of the 33rd ACM Conference on Human Factors in …, 2015",
            "year": "2015",
            "citations": "217"
        },
        {
            "title": "Personality and technology acceptance: Personal innovativeness in IT, openness and resistance to change",
            "authors": "O Nov, C Ye",
            "publication": "Hawaii International Conference on System Sciences, Proceedings of the 41st …, 2008",
            "year": "2008",
            "citations": "198"
        },
        {
            "title": "Technology-Mediated Citizen Science Participation: A Motivational Model",
            "authors": "O Nov, O Arazy, D Anderson",
            "publication": "Proceedings of AAAI ICWSM Conference on Weblogs and Social Media, 2011",
            "year": "2011",
            "citations": "193"
        },
        {
            "title": "Spear-Phishing in the Wild: A Real-World Study of Personality, Phishing Self-Efficacy and Vulnerability to Spear-Phishing Attacks",
            "authors": "T Halevi, N Memon, O Nov",
            "publication": "Phishing Self-Efficacy and Vulnerability to Spear-Phishing Attacks (January …, 2015",
            "year": "2015",
            "citations": "186"
        },
        {
            "title": "Resistance to change and the adoption of digital libraries: An integrative model",
            "authors": "O Nov, C Ye",
            "publication": "Journal of the American Society for Information Science and Technology 60 (8 …, 2009",
            "year": "2009",
            "citations": "152"
        },
        {
            "title": "Gender differences in Wikipedia editing",
            "authors": "J Antin, R Yee, C Cheshire, O Nov",
            "publication": "Proceedings of the 7th International Symposium on Wikis and Open …, 2011",
            "year": "2011",
            "citations": "142"
        },
        {
            "title": "Putting ChatGPT’s Medical Advice to the (Turing) Test: Survey Study",
            "authors": "O Nov, N Singh, D Mann",
            "publication": "JMIR Medical Education 9, e46939, 2023",
            "year": "2023",
            "citations": "135"
        }
    ]
}