[{"city":"Chicago","lon":-87.623177,"lat":41.881832,"month":"Jan","monthnum":0,"sunshine":135},{"city":"Chicago","lon":-87.623177,"lat":41.881832,"month":"Feb","monthnum":1,"sunshine":136},{"city":"Chicago","lon":-87.623177,"lat":41.881832,"month":"Mar","monthnum":2,"sunshine":187},{"city":"Chicago","lon":-87.623177,"lat":41.881832,"month":"Apr","monthnum":3,"sunshine":215},{"city":"Chicago","lon":-87.623177,"lat":41.881832,"month":"May","monthnum":4,"sunshine":281},{"city":"Chicago","lon":-87.623177,"lat":41.881832,"month":"Jun","monthnum":5,"sunshine":311},{"city":"Chicago","lon":-87.623177,"lat":41.881832,"month":"Jul","monthnum":6,"sunshine":318},{"city":"Chicago","lon":-87.623177,"lat":41.881832,"month":"Aug","monthnum":7,"sunshine":283},{"city":"Chicago","lon":-87.623177,"lat":41.881832,"month":"Sep","monthnum":8,"sunshine":226},{"city":"Chicago","lon":-87.623177,"lat":41.881832,"month":"Oct","monthnum":9,"sunshine":193},{"city":"Chicago","lon":-87.623177,"lat":41.881832,"month":"Nov","monthnum":10,"sunshine":113},{"city":"Chicago","lon":-87.623177,"lat":41.881832,"month":"Dec","monthnum":11,"sunshine":106},{"city":"Houston","lon":-95.358421,"lat":29.749907,"month":"Jan","monthnum":0,"sunshine":144},{"city":"Houston","lon":-95.358421,"lat":29.749907,"month":"Feb","monthnum":1,"sunshine":141},{"city":"Houston","lon":-95.358421,"lat":29.749907,"month":"Mar","monthnum":2,"sunshine":193},{"city":"Houston","lon":-95.358421,"lat":29.749907,"month":"Apr","monthnum":3,"sunshine":212},{"city":"Houston","lon":-95.358421,"lat":29.749907,"month":"May","monthnum":4,"sunshine":266},{"city":"Houston","lon":-95.358421,"lat":29.749907,"month":"Jun","monthnum":5,"sunshine":298},{"city":"Houston","lon":-95.358421,"lat":29.749907,"month":"Jul","monthnum":6,"sunshine":294},{"city":"Houston","lon":-95.358421,"lat":29.749907,"month":"Aug","monthnum":7,"sunshine":281},{"city":"Houston","lon":-95.358421,"lat":29.749907,"month":"Sep","monthnum":8,"sunshine":238},{"city":"Houston","lon":-95.358421,"lat":29.749907,"month":"Oct","monthnum":9,"sunshine":239},{"city":"Houston","lon":-95.358421,"lat":29.749907,"month":"Nov","monthnum":10,"sunshine":181},{"city":"Houston","lon":-95.358421,"lat":29.749907,"month":"Dec","monthnum":11,"sunshine":146},{"city":"Miami","lon":-80.191788,"lat":25.761681,"month":"Jan","monthnum":0,"sunshine":222},{"city":"Miami","lon":-80.191788,"lat":25.761681,"month":"Feb","monthnum":1,"sunshine":227},{"city":"Miami","lon":-80.191788,"lat":25.761681,"month":"Mar","monthnum":2,"sunshine":266},{"city":"Miami","lon":-80.191788,"lat":25.761681,"month":"Apr","monthnum":3,"sunshine":275},{"city":"Miami","lon":-80.191788,"lat":25.761681,"month":"May","monthnum":4,"sunshine":280},{"city":"Miami","lon":-80.191788,"lat":25.761681,"month":"Jun","monthnum":5,"sunshine":251},{"city":"Miami","lon":-80.191788,"lat":25.761681,"month":"Jul","monthnum":6,"sunshine":267},{"city":"Miami","lon":-80.191788,"lat":25.761681,"month":"Aug","monthnum":7,"sunshine":263},{"city":"Miami","lon":-80.191788,"lat":25.761681,"month":"Sep","monthnum":8,"sunshine":216},{"city":"Miami","lon":-80.191788,"lat":25.761681,"month":"Oct","monthnum":9,"sunshine":215},{"city":"Miami","lon":-80.191788,"lat":25.761681,"month":"Nov","monthnum":10,"sunshine":212},{"city":"Miami","lon":-80.191788,"lat":25.761681,"month":"Dec","monthnum":11,"sunshine":209},{"city":"New York","lon":-73.935242,"lat":40.73061,"month":"Jan","monthnum":0,"sunshine":154},{"city":"New York","lon":-73.935242,"lat":40.73061,"month":"Feb","monthnum":1,"sunshine":171},{"city":"New York","lon":-73.935242,"lat":40.73061,"month":"Mar","monthnum":2,"sunshine":213},{"city":"New York","lon":-73.935242,"lat":40.73061,"month":"Apr","monthnum":3,"sunshine":237},{"city":"New York","lon":-73.935242,"lat":40.73061,"month":"May","monthnum":4,"sunshine":268},{"city":"New York","lon":-73.935242,"lat":40.73061,"month":"Jun","monthnum":5,"sunshine":289},{"city":"New York","lon":-73.935242,"lat":40.73061,"month":"Jul","monthnum":6,"sunshine":302},{"city":"New York","lon":-73.935242,"lat":40.73061,"month":"Aug","monthnum":7,"sunshine":271},{"city":"New York","lon":-73.935242,"lat":40.73061,"month":"Sep","monthnum":8,"sunshine":235},{"city":"New York","lon":-73.935242,"lat":40.73061,"month":"Oct","monthnum":9,"sunshine":213},{"city":"New York","lon":-73.935242,"lat":40.73061,"month":"Nov","monthnum":10,"sunshine":169},{"city":"New York","lon":-73.935242,"lat":40.73061,"month":"Dec","monthnum":11,"sunshine":155},{"city":"San Francisco","lon":-122.446747,"lat":37.733795,"month":"Jan","monthnum":0,"sunshine":165},{"city":"San Francisco","lon":-122.446747,"lat":37.733795,"month":"Feb","monthnum":1,"sunshine":182},{"city":"San Francisco","lon":-122.446747,"lat":37.733795,"month":"Mar","monthnum":2,"sunshine":251},{"city":"San Francisco","lon":-122.446747,"lat":37.733795,"month":"Apr","monthnum":3,"sunshine":281},{"city":"San Francisco","lon":-122.446747,"lat":37.733795,"month":"May","monthnum":4,"sunshine":314},{"city":"San Francisco","lon":-122.446747,"lat":37.733795,"month":"Jun","monthnum":5,"sunshine":330},{"city":"San Francisco","lon":-122.446747,"lat":37.733795,"month":"Jul","monthnum":6,"sunshine":300},{"city":"San Francisco","lon":-122.446747,"lat":37.733795,"month":"Aug","monthnum":7,"sunshine":272},{"city":"San Francisco","lon":-122.446747,"lat":37.733795,"month":"Sep","monthnum":8,"sunshine":267},{"city":"San Francisco","lon":-122.446747,"lat":37.733795,"month":"Oct","monthnum":9,"sunshine":243},{"city":"San Francisco","lon":-122.446747,"lat":37.733795,"month":"Nov","monthnum":10,"sunshine":189},{"city":"San Francisco","lon":-122.446747,"lat":37.733795,"month":"Dec","monthnum":11,"sunshine":156},{"city":"Seattle","lon":-122.335167,"lat":47.608013,"month":"Jan","monthnum":0,"sunshine":69},{"city":"Seattle","lon":-122.335167,"lat":47.608013,"month":"Feb","monthnum":1,"sunshine":108},{"city":"Seattle","lon":-122.335167,"lat":47.608013,"month":"Mar","monthnum":2,"sunshine":178},{"city":"Seattle","lon":-122.335167,"lat":47.608013,"month":"Apr","monthnum":3,"sunshine":207},{"city":"Seattle","lon":-122.335167,"lat":47.608013,"month":"May","monthnum":4,"sunshine":253},{"city":"Seattle","lon":-122.335167,"lat":47.608013,"month":"Jun","monthnum":5,"sunshine":268},{"city":"Seattle","lon":-122.335167,"lat":47.608013,"month":"Jul","monthnum":6,"sunshine":312},{"city":"Seattle","lon":-122.335167,"lat":47.608013,"month":"Aug","monthnum":7,"sunshine":281},{"city":"Seattle","lon":-122.335167,"lat":47.608013,"month":"Sep","monthnum":8,"sunshine":221},{"city":"Seattle","lon":-122.335167,"lat":47.608013,"month":"Oct","monthnum":9,"sunshine":142},{"city":"Seattle","lon":-122.335167,"lat":47.608013,"month":"Nov","monthnum":10,"sunshine":72},{"city":"Seattle","lon":-122.335167,"lat":47.608013,"month":"Dec","monthnum":11,"sunshine":52}]